open,high,low,close,volume,ma7,ma21,price_diff,volatility
20896.84,21526.28,20669.99,20995.44,4353.96603,19852.75142857143,17603.31,98.47999999999956,0.030200017338134252
20995.44,21256.0,20540.58,20896.92,2806.31327,20082.88714285714,17861.744285714285,-98.52000000000044,0.030366100324410505
20896.92,21334.85,20738.0,21095.28,4248.08387,20300.152857142857,18124.050000000003,198.36000000000058,0.030344919099752083
21089.96,21299.4,20650.0,20808.69,3907.42272,20472.022857142852,18362.508095238096,-286.59000000000015,0.031653893749740786
20804.52,21828.68,20516.19,21125.67,5156.4212,20753.91571428571,18611.858571428573,316.97999999999956,0.028320521389123304
21128.24,21337.4,20979.0,21132.03,4030.32493,20992.99857142857,18856.534285714286,6.360000000000582,0.028794324200999293
21133.69,21623.63,20710.0,21252.27,3758.38348,21043.757142857143,19110.22238095238,120.2400000000016,0.009499012010785629
21248.08,21354.69,21070.05,21199.76,1168.40209,21072.945714285714,19361.78142857143,-52.51000000000204,0.009601323762161763
21194.19,22051.12,21145.0,21843.5,3634.06807,21208.17142857143,19637.097619047618,643.7400000000016,0.014010311176380966
21844.19,21895.16,20750.0,21054.03,3363.06727,21202.278571428575,19877.13333333333,-789.4700000000012,0.021148054522907904
21056.63,21463.39,20947.11,21303.83,2215.17495,21273.012857142858,20117.634285714284,249.8000000000029,0.02062176806571847
21301.27,21680.0,20900.0,21557.95,3628.66867,21334.76714285714,20350.26714285714,254.11999999999898,0.020345674441590873
21558.0,22122.0,21450.0,21549.65,4574.3957,21394.42714285714,20549.700476190475,-8.299999999999272,0.02036291867240997
21549.65,21877.03,21385.99,21703.77,2639.13255,21458.92714285714,20706.30238095238,154.11999999999898,0.02040281834010107
21707.82,21840.23,21549.74,21602.94,1035.98851,21516.524285714288,20814.07380952381,-100.83000000000175,0.020519573941277715
21600.12,21693.0,21094.73,21276.26,1645.17302,21435.489999999998,20908.849523809524,-326.6800000000003,0.017315993615533227
21276.43,21578.66,20992.65,21229.51,2165.38151,21460.558571428573,20987.663333333334,-46.75,0.009822489807021204
21229.51,21731.07,21210.0,21675.25,2366.56202,21513.61857142857,21086.218095238095,445.7400000000016,0.01186467078052721
21675.36,21840.0,21156.78,21432.59,2120.23931,21495.71,21194.79761904762,-242.65999999999985,0.012030504811294994
21430.96,21473.19,20213.41,20312.05,2855.55881,21318.91,21235.445238095235,-1120.5400000000009,0.02286510469588526
20317.82,20477.86,20104.72,20270.05,2086.45328,21114.092857142856,21205.59238095238,-42.0,0.02208671841732779
20270.03,20508.55,20243.95,20465.19,732.72502,20951.557142857142,21180.34238095238,195.13999999999942,0.023238518052606637
20469.31,20694.44,20265.74,20411.25,1171.77258,20827.984285714283,21157.21523809524,-53.93999999999869,0.023030930066087214
20412.04,20512.69,19940.0,20309.78,2003.1752,20696.594285714287,21119.810476190476,-101.47000000000116,0.022984851041406504
20314.64,20778.32,20120.99,20684.31,2919.43634,20555.03142857143,21113.88761904762,374.5300000000025,0.022498371005748134
20682.42,22790.78,20572.0,22734.59,4753.55492,20741.03142857143,21190.502857142856,2050.279999999999,0.045496232292985446
22729.0,23653.78,22040.78,22052.41,5623.18215,20989.654285714285,21234.330476190476,-682.1800000000003,0.04102912996682473
22053.16,23421.55,21894.74,23013.61,4845.79932,21381.59142857143,21318.20380952381,961.2000000000007,0.0419456707108582
23012.04,23266.06,22861.19,23046.53,1195.72637,21750.354285714286,21406.145238095236,32.919999999998254,0.04236401485127575
23046.53,23549.0,22665.08,22736.62,2238.89825,22082.55,21448.67476190476,-309.90999999999985,0.04341939336489409
22736.23,23502.19,22352.05,23263.17,3129.31475,22504.462857142855,21553.871904761905,526.5499999999993,0.04241175701272338
23265.97,23645.0,22754.29,22977.09,3097.51041,22832.00285714286,21633.550952380952,-286.0799999999981,0.044193406175173346
22972.21,22995.48,22205.84,22818.63,2939.82574,22844.00857142857,21693.583333333332,-158.45999999999913,0.024879135661132642
22813.03,23155.0,22288.94,22597.45,2838.27676,22921.87142857143,21743.478571428575,-221.1800000000003,0.021665528827511625
22602.8,22758.99,21700.65,22018.0,3163.40102,22779.641428571427,21758.441904761905,-579.4500000000007,0.015278223442902587
22024.23,22050.34,21600.0,21995.9,1094.59857,22629.551428571427,21777.154285714285,-22.099999999998545,0.015102342447970714
21995.89,22493.56,21903.63,22349.0,1358.74095,22574.17714285714,21828.237142857142,353.09999999999854,0.01686834100204961
22351.42,22640.0,21923.0,22271.94,2535.22519,22432.57285714286,21877.876666666667,-77.06000000000131,0.01263333114350505
22274.68,22424.74,22008.12,22121.61,2264.71466,22310.36142857143,21899.131904761904,-150.3299999999981,0.012353025082816025
22121.61,22707.0,22008.0,22294.72,2581.29843,22235.517142857145,21940.185714285715,173.11000000000058,0.013263528686331414
22290.61,22438.23,22041.99,22239.99,2469.58614,22184.45142857143,22031.992380952383,-54.72999999999956,0.01295488259494914
22239.66,22250.0,20975.0,21224.64,3989.13249,22071.114285714284,22077.449047619048,-1015.3500000000022,0.019529372055330438
21224.64,21300.35,21027.7,21214.99,1191.93042,21959.555714285718,22113.15380952381,-9.649999999997817,0.01954947939588449
21210.31,21483.0,21052.96,21244.31,1856.89702,21801.742857142857,22152.823333333334,29.31999999999971,0.01760840960475911
21244.51,21329.62,21007.96,21038.64,2055.77746,21625.557142857146,22187.530952380952,-205.6700000000019,0.01755169339764493
21043.74,21250.61,20773.01,21091.84,3494.20664,21478.447142857145,22206.937142857143,53.20000000000073,0.018003699573469728
21091.84,21173.84,20513.23,20624.41,2559.84725,21239.83142857143,22106.45238095238,-467.4300000000003,0.017548819327058113
20628.79,20710.06,19020.27,19377.36,4750.3091,20830.884285714284,21979.069047619047,-1247.0499999999993,0.02499709673371456
19377.78,19379.84,18603.3,19007.07,5061.09271,20514.088571428572,21788.28142857143,-370.2900000000009,0.02217149504865931
19016.27,19623.36,18603.57,19070.66,3597.81908,20207.755714285715,21598.954285714284,63.590000000000146,0.02264066034107731
19068.43,20778.4,18927.12,20679.99,4465.40523,20127.13857142857,21501.019523809526,1609.3300000000017,0.044122870929599614
20672.63,22947.57,20347.97,22399.78,7857.07619,20321.58714285714,21459.905714285716,1719.7899999999972,0.05451746874134869
22402.03,24586.23,22308.71,22985.84,7990.78918,20592.158571428572,21460.32238095238,586.0600000000013,0.054691814294439596
22993.36,23860.76,22645.02,23026.8,5120.11961,20935.35714285714,21470.23523809524,40.95999999999913,0.05279708824988504
23028.79,23818.36,22829.69,23665.73,3615.5365,21547.981428571427,21521.105714285713,638.9300000000003,0.04025245788103324
23663.25,26171.0,23559.63,25789.77,6042.8164,22516.93857142857,21700.713809523808,2124.040000000001,0.03929705030549804
25786.41,26145.14,25111.51,25373.59,3672.35675,23417.35714285714,21861.55619047619,-416.1800000000003,0.04324633760861349
25371.26,26850.0,25250.0,26474.44,3940.89165,24245.135714285716,22058.005714285715,1100.8499999999985,0.03920028673895305
26468.5,26906.96,25605.89,26082.53,4288.89009,24771.242857142857,22239.462380952384,-391.90999999999985,0.037223567506769834
26067.81,26558.02,25700.0,26324.74,4051.90711,25248.22857142857,22439.61142857143,242.21000000000276,0.03749651007332651
26324.72,26850.0,24670.6,25342.45,2977.15333,25579.035714285714,22584.74142857143,-982.2900000000009,0.04317003399290955
25351.14,26599.99,25132.25,26260.2,2056.22677,25949.674285714285,22776.18,917.75,0.04371626392273083
26259.5,26349.74,25301.36,25746.57,1430.59858,25943.50285714286,22991.51,-513.630000000001,0.030370804721602654
25753.81,26017.99,25439.1,25735.12,719.56325,25995.149999999998,23206.754285714283,-11.450000000000728,0.02953560560877729
25728.93,26350.0,25682.17,26076.46,1094.07901,25938.295714285712,23436.856666666667,341.34000000000015,0.024298070844465985
26072.21,26133.52,24743.77,25267.76,1862.12772,25821.899999999998,23638.243333333332,-808.7000000000007,0.026412198028712135
25266.51,25435.37,24673.21,25189.56,1354.89122,25659.731428571427,23833.37285714286,-78.19999999999709,0.025763269444413924
25192.7,26517.0,25178.72,26188.76,1850.60349,25780.632857142857,24098.341904761903,999.1999999999971,0.026582114341297983
26191.24,26950.0,25514.65,25798.34,1849.15679,25714.652857142857,24404.102857142854,-390.41999999999825,0.02341226488382604
25798.64,26471.0,25383.03,26332.77,1384.9645,25798.395714285714,24752.945714285714,534.4300000000003,0.023412206584261127
26330.62,26633.95,26127.13,26315.71,494.04749,25881.33714285714,25097.948095238098,-17.06000000000131,0.02341797155486047
26319.67,26403.97,25828.0,26184.72,571.36554,25896.802857142855,25360.078095238096,-130.98999999999796,0.023154276077378962
26187.25,26349.0,25221.16,25662.56,1681.4023,25953.202857142856,25515.448571428573,-522.1599999999999,0.020884303725375985
25662.15,26182.85,25488.59,25795.05,1008.78663,26039.70142857143,25649.220476190476,132.48999999999796,0.02075488679550247
25798.36,26300.0,25595.29,25925.89,1116.75151,26002.14857142857,25787.27238095238,130.84000000000015,0.013623909202363045
25923.74,25942.55,25506.82,25788.01,948.61396,26000.672857142858,25888.333333333332,-137.88000000000102,0.012467695493157896
25787.54,25852.59,25551.15,25680.84,581.11544,25907.54,25883.14619047619,-107.16999999999825,0.008494000716003933
25680.84,25870.58,25609.28,25691.97,388.80034,25818.434285714287,25898.307142857146,11.130000000001019,0.008564974092205437
25692.02,26231.39,25560.82,26018.14,525.97833,25794.637142857147,25876.578571428574,326.16999999999825,0.010422137778929124
26019.14,27397.09,25945.02,27270.39,1085.63068,26024.327142857142,25933.143333333333,1252.25,0.01837703013850314
27276.26,28100.0,27212.54,27791.57,1371.89709,26309.544285714284,26002.99238095238,521.1800000000003,0.018663343116542924
27795.24,27944.28,27188.43,27321.99,1284.356,26508.987142857142,26097.25619047619,-469.5799999999981,0.02143819587669224
27320.57,27847.64,27298.8,27626.63,930.82357,26771.647142857142,26162.324285714283,304.6399999999994,0.020659110181141686
27630.2,28172.3,27463.0,27792.51,1287.41431,27073.31428571429,26259.75,165.87999999999738,0.019833750416971132
27792.5,27900.73,27594.57,27675.56,468.39631,27356.684285714287,26352.151904761908,-116.94999999999709,0.02033727661156238
27673.6,27829.05,27512.41,27710.94,521.80253,27598.512857142858,26429.984285714283,35.37999999999738,0.020620935506233246
27709.25,27716.77,26790.89,27005.15,1213.59335,27560.62142857143,26512.717142857146,-705.7899999999972,0.015639255356257563
27005.14,27882.56,26720.0,27774.93,1256.49619,27558.244285714285,26635.83,769.7799999999988,0.017918456232543685
27774.92,27799.95,26215.39,26413.32,1473.06479,27428.434285714287,26646.523333333334,-1361.6100000000006,0.025495359174531
26413.32,26627.23,25650.79,25838.38,1143.60874,27172.97,26648.43,-574.9399999999987,0.025153014516914745
25841.86,25962.3,24800.0,24902.06,1365.36607,26760.04857142857,26580.300952380956,-936.3199999999997,0.025940994228302747
24899.01,25458.15,24758.25,25381.46,871.88613,26432.32,26535.81285714286,479.3999999999978,0.02894985562306707
25381.79,25381.79,24924.0,25186.44,687.59348,26071.67714285714,26488.27571428571,-195.02000000000044,0.028462792364130286
25188.91,25574.14,24506.26,24974.82,1147.42213,25781.63,26455.526190476194,-211.61999999999898,0.027963552527338897
24975.52,25945.77,24725.0,25849.99,1090.39632,25506.63857142857,26458.14238095238,875.1700000000019,0.029557352632965685
25852.94,27265.92,24775.52,25807.91,2676.87734,25420.15142857143,26452.524285714288,-42.080000000001746,0.023986942191222795
25813.48,27181.04,25778.08,26775.19,2136.62413,25553.981428571427,26499.532857142854,967.2799999999988,0.02659698297475687
26782.12,26965.5,26274.91,26654.99,1112.77487,25804.399999999998,26545.92095238095,-120.19999999999709,0.020266187812020806
26656.0,26730.0,26333.48,26516.5,505.05277,25966.54857142857,26585.184285714284,-138.4900000000016,0.020498986999509985
26519.0,27180.0,26365.7,26612.67,696.70635,26170.295714285716,26613.495238095238,96.16999999999825,0.019626826941110603
26618.0,26711.0,25292.91,25690.29,1326.62043,26272.505714285715,26538.252380952377,-922.3799999999974,0.02505605244223155
25690.11,26327.0,25447.36,26130.78,1206.37132,26312.618571428575,26459.167142857143,440.48999999999796,0.02214129781462429
26132.71,26502.57,25533.13,26288.99,1399.56618,26381.344285714287,26409.976666666666,158.21000000000276,0.02213610453241493
26291.09,26621.77,26055.27,26250.84,835.42823,26306.437142857143,26344.462857142862,-38.150000000001455,0.016036076672881924
26252.97,27000.0,26238.4,26760.01,1138.85466,26321.440000000002,26295.29619047619,509.16999999999825,0.018013615709893453
26760.02,27055.99,25696.41,26139.15,928.10555,26267.532857142858,26222.133809523806,-620.859999999997,0.020154486883701726
26139.14,26445.99,25853.34,25882.0,837.63757,26163.15142857143,26135.04142857143,-257.15000000000146,0.02018497542510451
25882.03,26074.84,24877.01,25275.3,1608.66757,26103.86714285714,26052.66761904762,-606.7000000000007,0.01760649527444922
25275.92,25513.16,25023.51,25290.78,993.04844,25983.86714285714,25934.37476190476,15.479999999999563,0.01557149138676748
25290.2,25886.66,24512.0,25241.03,1332.39043,25834.15857142857,25878.551428571427,-49.75,0.014943282329708832
25241.01,25337.22,24555.0,24798.99,980.82967,25626.75142857143,25829.056666666664,-442.03999999999724,0.015408301569548503
24798.99,24888.14,23870.06,24733.21,1361.68546,25337.20857142857,25821.016190476188,-65.78000000000247,0.010274485060146337
24741.69,25041.22,24635.49,24806.63,511.79587,25146.84857142857,25793.643333333333,73.42000000000189,0.00991029304299471
24798.83,25179.38,24626.87,24894.0,487.24807,25005.705714285716,25779.717619047617,87.36999999999898,0.010624261109713753
24891.22,25513.33,24708.0,25069.0,838.94063,24976.234285714287,25784.20238095238,175.0,0.007952672731752462
25062.51,25172.0,24767.65,24931.99,702.6256,24924.97857142857,25740.488095238095,-137.0099999999984,0.008060150555237225
24930.81,25418.54,24585.98,25340.45,694.94767,24939.18142857143,25718.228095238097,408.4599999999991,0.010646053119105764
25340.99,25443.49,24557.0,24956.58,722.71902,24961.694285714282,25631.62761904762,-383.869999999999,0.00999271912722371
24956.57,25167.48,24683.08,24948.21,732.82696,24992.408571428572,25550.352380952383,-8.37000000000262,0.00989142927203684
24948.2,25190.0,24897.96,25129.45,307.65796,25038.52571428571,25484.30238095238,181.2400000000016,0.0101437816457229
25129.45,25282.74,24701.45,24772.0,583.93367,25021.097142857143,25396.65142857143,-357.4500000000007,0.011757965706799944
24772.0,25090.69,24581.05,24880.91,957.54571,24994.227142857144,25358.109523809526,108.90999999999985,0.01151112618206521
24881.67,25453.37,24825.29,25281.39,1098.79629,25044.14142857143,25317.66238095238,400.47999999999956,0.012921244030286449
25281.39,25285.6,24311.73,24551.0,1452.03006,24931.36285714286,25234.900952380955,-730.3899999999994,0.015609148159001435
24550.96,24868.88,24155.52,24717.78,1150.284,24897.248571428576,25161.898095238095,166.77999999999884,0.015292234082899403
24717.78,25185.97,24557.0,24981.7,1040.46259,24902.032857142854,25077.216666666667,263.9200000000019,0.015956635754934965
24979.12,25132.31,24830.22,25099.11,474.38429,24897.698571428573,25027.69095238095,117.40999999999985,0.015798772238214714
25101.66,26351.93,25022.02,26182.0,878.72552,25099.127142857145,25041.976666666666,1082.8899999999994,0.021189490106264957
26199.65,26526.7,25733.96,25940.95,706.84695,25250.56142857143,25073.67428571429,-241.04999999999927,0.02218926454182212
25942.0,26166.83,25750.0,25871.01,707.95505,25334.792857142857,25101.304285714286,-69.94000000000233,0.02192594184406867
25872.28,26004.06,25243.79,25514.83,960.58362,25472.48285714286,25114.342380952377,-356.17999999999665,0.018711602996105876
25516.9,25643.45,24848.09,24991.26,966.02695,25511.551428571427,25123.498095238094,-523.5700000000033,0.021128501450623272
24991.8,25549.99,24706.01,25504.45,764.675,25586.230000000003,25160.223809523814,513.1900000000023,0.02212668904486159
25503.87,25576.63,25194.73,25337.5,216.86069,25620.285714285714,25185.503333333338,-166.95000000000073,0.022403606777962253
25337.66,25699.98,25232.52,25404.89,274.13084,25509.269999999997,25209.831428571433,67.38999999999942,0.013226118552104654
25395.82,25419.46,23850.0,24159.46,1206.29969,25254.771428571432,25166.52,-1245.4300000000003,0.02162383604480394
24159.22,25650.77,23850.01,25536.98,1231.90697,25207.052857142855,25195.32904761905,1377.5200000000004,0.033474486111480184
25546.03,25666.4,24481.68,24678.18,955.36094,25087.531428571423,25163.79238095238,-858.7999999999993,0.03548137217644296
24678.13,24967.99,24535.36,24655.06,674.47352,25039.50285714286,25149.434285714284,-23.11999999999898,0.03474592393522678
24655.05,24935.71,24456.26,24707.95,627.809,24925.717142857142,25137.993333333332,52.88999999999942,0.033481711693324624
24709.65,24753.67,23935.45,24385.91,844.26719,24789.77571428571,25102.586666666662,-322.0400000000009,0.0336518587938478
24386.25,24593.73,24161.37,24333.55,453.99001,24636.727142857144,25081.708095238097,-52.36000000000058,0.033518965080935444
24335.76,24405.42,23970.0,24167.79,584.3506,24637.917142857146,25047.75,-165.7599999999984,0.027710988964599614
24169.22,24558.25,23943.97,24150.81,797.09216,24439.89285714286,24993.91285714286,-16.979999999999563,0.012408602191754643
24150.8,24253.35,23010.01,23374.13,953.90839,24253.600000000002,24937.871428571427,-776.6800000000003,0.011902147777049241
23372.72,23617.94,22866.73,23456.81,1068.95935,24082.42142857143,24877.82523809524,82.68000000000029,0.012431941595265502
23456.14,24306.92,23089.81,24160.0,1031.45178,24004.14285714286,24838.696666666667,703.1899999999987,0.01871616476783801
24156.9,24622.77,23999.6,24310.39,504.57009,23993.354285714286,24801.13857142857,150.38999999999942,0.01841680273590553
24310.4,24499.38,24091.58,24164.5,383.92827,23969.204285714288,24705.067142857144,-145.88999999999942,0.01853852538389413
24164.64,24872.54,24077.77,24671.56,936.96894,24041.17142857143,24644.620000000003,507.0600000000013,0.019969714246011256
24663.76,26069.99,24502.44,25976.25,1483.46999,24301.948571428573,24649.63142857143,1304.6899999999987,0.02721491899102381
25976.08,28130.37,25939.3,27349.45,1867.71888,24869.85142857143,24736.994285714285,1373.2000000000007,0.023589497124516273
27355.35,27808.07,26995.62,27342.01,1151.33281,25424.88,24848.934761904762,-7.440000000002328,0.024148580716703456
27342.01,28919.99,27281.34,28276.69,1224.88927,26012.97857142857,24980.946190476192,934.6800000000003,0.024419998764209798
28280.04,28362.47,27858.01,28111.41,449.71983,26555.981428571427,25113.037142857145,-165.27999999999884,0.026164145670390257
28108.28,28573.87,27844.52,28004.43,528.08943,27104.542857142857,25236.824761904765,-106.97999999999956,0.025793457451206966
28007.56,28173.48,27500.0,27805.57,808.9672,27552.25857142857,25410.449047619044,-198.86000000000058,0.027990574958329847
27804.77,28373.31,27732.69,28084.2,731.52771,27853.394285714287,25531.745238095238,278.630000000001,0.023264430423224684
28080.58,28100.89,27440.2,27652.9,831.44337,27896.744285714285,25673.39857142857,-431.2999999999993,0.01624824707634587
27650.19,28375.95,27640.29,28097.3,848.30808,28004.64285714286,25837.31476190476,444.3999999999978,0.017072680418572572
28096.23,28788.87,27150.0,27931.62,1686.80497,27955.347142857143,25990.82285714286,-165.6800000000003,0.010863486687675531
27930.8,28176.82,27788.74,28087.23,354.09066,27951.89285714286,26167.07619047619,155.61000000000058,0.010993996391536405
28089.22,28242.0,27672.22,28083.88,501.34492,27963.242857142857,26345.663333333338,-3.349999999998545,0.010872925649509785
28085.11,28811.0,28061.85,28615.64,921.39664,28078.967142857142,26557.465714285714,531.7599999999984,0.012226128414733391
28617.3,28774.62,28215.0,28364.46,752.73462,28119.00428571429,26758.115714285712,-251.1800000000003,0.012780071606606429
28364.47,28459.99,27795.31,28159.47,763.55827,28191.371428571427,26985.98904761904,-204.98999999999796,0.01127460472285282
28157.22,29000.0,27500.0,27533.75,1580.74667,28110.864285714284,27180.129047619044,-625.7200000000012,0.012856493087237297
27527.36,27955.15,27372.0,27764.85,1018.87781,28087.04,27351.788571428573,231.09999999999854,0.013409069870649964
27764.66,27801.14,27480.0,27724.3,301.71748,28035.192857142858,27514.355714285713,-40.54999999999927,0.013114314029689666
27722.38,27875.58,27527.86,27616.53,306.63337,27968.428571428572,27678.738095238095,-107.77000000000044,0.013111999428110999
27619.46,28270.0,27436.21,27686.11,975.32409,27835.63857142857,27822.2880952381,69.58000000000175,0.009701272668506114
27686.43,28094.83,27630.78,27888.79,784.88976,27767.685714285715,27913.361428571432,202.6800000000003,0.0104437420109787
27889.96,28145.24,27220.94,27368.29,971.54715,27654.660000000003,27914.258571428567,-520.5,0.01209492305133049
27362.8,28397.36,27240.31,28098.85,1540.3523,27735.388571428568,27950.29857142857,730.5599999999977,0.013820326699789241
28099.0,28216.48,26727.01,27086.27,1172.60452,27638.448571428573,27893.611904761903,-1012.5799999999981,0.01982293243677055
27086.26,27184.39,27023.05,27135.09,294.25322,27554.27571428571,27847.120476190477,48.81999999999971,0.019913174669432345
27135.04,27255.22,26913.69,27061.05,461.31876,27474.921428571426,27802.197619047616,-74.04000000000087,0.01990834789648363
27058.67,27139.99,26500.0,26926.6,1052.68358,27366.420000000002,27760.341904761903,-134.45000000000073,0.019780189651464452
26927.62,26999.0,26411.12,26679.17,1075.52596,27193.617142857143,27693.435714285715,-247.4300000000003,0.0192096518164895
26678.62,26963.36,26657.38,26784.78,851.73495,27110.25857142857,27652.096666666668,105.61000000000058,0.01864944312184765
26779.32,27225.2,26672.01,26849.35,843.38915,26931.75857142857,27592.670476190473,64.56999999999971,0.013867390496549432
26849.35,27100.0,26784.9,26972.57,570.57836,26915.515714285713,27547.00142857143,123.22000000000116,0.005162840945960354
26973.57,27059.98,26731.0,26877.08,265.15719,26878.65714285714,27489.37523809524,-95.48999999999796,0.005145221974810634
26882.2,27400.0,26823.96,27139.48,449.27201,26889.86142857143,27444.40380952381,262.3999999999978,0.006560101164080476
27139.66,27148.38,26165.26,26482.87,1065.92592,26826.471428571425,27342.84333333333,-656.6100000000006,0.011421298693215025
26482.48,26699.99,26336.3,26543.64,657.6222,26807.110000000004,27256.13761904762,60.77000000000044,0.011089204897657972
26544.61,26872.99,26436.47,26593.06,866.9838,26779.721428571425,27181.546666666665,49.42000000000189,0.01097090881831855
26592.36,26898.95,26503.18,26715.06,470.75714,26760.537142857145,27142.56142857143,122.0,0.011112769392490611
26712.72,26885.45,26600.01,26715.62,477.92058,26723.829999999998,27092.598095238092,0.5599999999976717,0.010884743212849816
26715.17,26800.0,26670.0,26777.0,177.39641,26709.532857142854,27047.48857142857,61.38000000000102,0.010909457652805469
26777.01,26870.21,26504.74,26682.94,316.99922,26644.312857142857,27003.0319047619,-94.06000000000131,0.009942900755873129
26682.81,26895.0,26575.01,26678.08,579.3476,26672.200000000004,26955.030476190477,-4.859999999996944,0.0025714831804676637
26676.54,27087.42,26170.65,27066.95,981.01577,26746.95857142857,26915.895238095236,388.869999999999,0.005765961493395945
27072.39,27394.36,26500.0,26737.92,820.79767,26767.652857142857,26885.87761904762,-329.0300000000025,0.008107718588972933
26733.95,26985.89,26539.94,26768.52,558.82788,26775.29,26822.52857142857,30.600000000002183,0.007942713588189428
26763.73,26875.0,26550.0,26837.27,784.525,26792.66857142857,26810.671428571433,68.75,0.007985364835880245
26838.32,26877.03,26686.1,26791.37,271.73926,26794.721428571425,26794.303809523808,-45.900000000001455,0.007993444446693164
26791.88,26881.98,26700.5,26803.85,257.99333,26811.994285714285,26782.056190476193,12.479999999999563,0.007833263993639969
26803.84,27132.47,26495.02,27042.42,830.90967,26864.04285714286,26787.571428571428,238.5699999999997,0.008399890608801775
27046.09,28112.82,26869.48,27690.67,798.7333,26953.145714285714,26835.738095238095,648.25,0.011074676220208099
27686.02,27900.0,27284.0,27503.51,534.69468,27062.515714285713,26869.963333333333,-187.15999999999985,0.009948946582810364
27511.83,27571.22,27007.4,27257.96,501.65102,27132.43571428571,26889.42095238095,-245.54999999999927,0.01110590757881936
27259.49,27363.33,27119.6,27303.8,333.50783,27199.08285714286,26905.19380952381,45.840000000000146,0.011111970696063993
27304.44,27340.19,27066.92,27096.41,158.35772,27242.66,26915.638095238097,-207.38999999999942,0.011692651174732824
27095.72,27133.32,26914.58,27036.26,164.08492,27275.86142857143,26910.722857142853,-60.150000000001455,0.01178272203407112
27031.69,27538.23,26852.12,27375.16,423.72495,27323.395714285714,26953.212857142855,338.90000000000146,0.012244830830082432
27374.7,27378.74,26845.98,26968.59,516.92502,27220.24142857143,26973.44857142857,-406.5699999999997,0.008859537737746198
26966.06,27015.32,26598.01,26599.86,526.85525,27091.14857142857,26973.772380952385,-368.72999999999956,0.0096068212363218
26599.75,26665.23,24000.0,24733.8,1534.5672,26730.554285714286,26879.426666666666,-1866.0600000000013,0.02671398536412255
24730.59,25265.57,24105.0,24492.58,1242.51355,26328.95142857143,26773.567619047622,-241.21999999999753,0.025972530370150012
24488.93,24708.99,24194.64,24444.82,489.01916,25950.152857142857,26662.51142857143,-47.76000000000204,0.026329657834037533
24445.89,24590.96,24259.17,24368.7,322.92402,25569.07285714286,26552.309523809523,-76.11999999999898,0.02626340212893285
24370.91,24370.91,23873.14,24085.05,621.68989,25099.057142857142,26428.831904761904,-283.65000000000146,0.023580122774760553
24089.14,24119.85,23489.25,24109.38,824.92347,24690.59857142857,26287.995238095238,24.330000000001746,0.024656777502922524
24112.12,24750.0,23970.01,24390.77,832.26191,24375.014285714286,26176.22619047619,281.3899999999994,0.026759780364081776
24387.22,24531.41,23952.15,24261.14,609.28891,24307.49142857143,26056.827142857142,-129.63000000000102,0.007719347145355473
24262.38,24337.71,23993.38,24208.61,602.40253,24266.924285714285,25931.652857142857,-52.529999999998836,0.007074167468871382
24207.52,24281.86,24115.0,24163.05,124.15098,24226.67142857143,25806.494761904763,-45.56000000000131,0.007073722599288645
24162.2,24299.98,24117.99,24224.95,102.519,24206.135714285712,25683.69,61.900000000001455,0.007199899952727361
24221.95,24323.24,23966.18,24127.39,322.09127,24212.184285714287,25544.879047619044,-97.56000000000131,0.005715594756633449
24127.39,25969.92,24013.46,25555.73,914.47712,24418.805714285718,25443.21523809524,1428.3400000000001,0.02304008097588925
25552.31,25600.0,24790.27,25039.2,598.79167,24511.43857142857,25325.86714285714,-516.5299999999988,0.025361132728807072
25035.72,25411.18,23770.0,24004.09,846.15041,24474.717142857142,25170.92095238095,-1035.1100000000006,0.03067107985380871
24007.09,24203.81,23592.61,24024.18,529.07281,24448.370000000003,25014.74857142857,20.090000000000146,0.030675074700518747
24028.3,24177.51,23971.89,24073.64,192.36201,24435.597142857143,24870.807142857142,49.45999999999913,0.03068581036261938
24072.95,24300.0,23980.47,24176.95,191.45055,24428.74,24734.649523809523,103.31000000000131,0.03071806009016958
24174.66,24278.02,23769.64,23956.22,420.95576,24404.287142857145,24571.84285714286,-220.72999999999956,0.030892793830681907
23958.65,24187.98,23740.5,24084.06,437.12158,24194.048571428575,24434.484285714287,127.84000000000015,0.01717303175011519
24084.06,24278.5,23699.01,24052.92,422.93025,24053.15142857143,24313.201428571432,-31.140000000003056,0.016461383493302083
24052.92,24726.55,23979.1,24562.82,544.95174,24132.97,24305.059523809523,509.90000000000146,0.009207817723190778
24564.2,24709.59,24008.27,24259.22,480.64447,24166.54714285714,24293.947142857145,-303.59999999999854,0.010982941882265807
24258.74,24282.47,24150.01,24248.74,135.45969,24191.56142857143,24284.61,-10.479999999999563,0.011000011665057667
24249.98,24362.29,23959.22,24150.91,279.81322,24187.841428571428,24274.23904761905,-97.83000000000175,0.011045864402179164
24152.48,24196.29,23222.0,23468.24,1031.06646,24118.13,24244.867142857143,-682.6699999999983,0.01522884981429838
23468.53,24767.74,23441.13,24054.01,1102.67202,24113.83714285714,24242.230476190478,585.7699999999968,0.018449589529449487
24054.43,24618.55,23987.72,24475.15,508.69498,24174.155714285716,24246.24857142857,421.14000000000306,0.019569998824638404
24474.3,25262.09,24370.94,24965.7,549.37223,24231.71,24279.79904761905,490.5499999999993,0.019391432899563934
24968.3,25251.87,24604.16,24990.86,329.35257,24336.230000000003,24317.049047619046,25.159999999999854,0.018313723906882372
24990.7,25147.08,24826.11,24920.43,170.43737,24432.185714285715,24353.114761904762,-70.43000000000029,0.018440382263322237
24920.16,24970.5,24734.65,24873.85,139.54101,24535.46285714286,24384.01476190476,-46.580000000001746,0.01829965456072512
24876.69,25749.89,24742.8,25066.62,618.44437,24763.802857142855,24428.74,192.77000000000044,0.011331894617369588
25060.09,25750.82,24971.46,25507.2,568.34945,24971.40142857143,24426.429047619047,440.58000000000175,0.009908467957809482
25517.74,25668.53,25106.11,25493.15,541.38104,25116.829999999998,24448.045714285712,-14.049999999999272,0.00950165069582387
25495.42,25558.96,24790.08,24945.14,478.95756,25113.89285714286,24492.85761904762,-548.010000000002,0.011859001028997682
24940.17,25127.38,24871.0,25009.44,410.84837,25116.54714285714,24539.774761904762,64.29999999999927,0.011897280450225728
25009.44,25056.88,24946.39,25006.9,134.95916,25128.899999999998,24584.215714285714,-2.539999999997235,0.011827775312642888
25005.92,25153.47,24565.04,24677.93,257.63396,25100.911428571428,24608.071904761906,-328.97000000000116,0.012931079110893275
24670.67,24981.41,24425.06,24844.53,522.43852,25069.184285714284,24650.37238095238,166.59999999999854,0.012822745605856122
24844.53,24956.29,24663.13,24809.95,384.40801,24969.577142857142,24684.93857142857,-34.57999999999811,0.00985417521401477
24811.45,25459.99,24803.78,25099.43,615.20974,24913.331428571426,24734.77238095238,289.47999999999956,0.011494037360388839
25105.69,25838.63,25060.22,25604.18,548.43945,25007.480000000003,24784.360952380954,504.75,0.010549686615345331
25607.86,25710.2,25223.49,25469.98,422.83215,25073.27142857143,24842.01619047619,-134.20000000000073,0.01109786590387246
25471.09,25647.44,25446.45,25534.98,126.76103,25148.71142857143,24903.265714285713,65.0,0.011032836501461139
25534.98,26666.55,25526.86,26519.71,261.13834,25411.822857142855,25016.065714285716,984.7299999999996,0.014987214765003224
26521.07,27174.83,26071.69,26255.3,882.50802,25613.361428571425,25148.782857142854,-264.40999999999985,0.016883929391852723
26251.41,26439.38,25975.57,26216.8,533.21309,25814.34,25251.772857142856,-38.5,0.01689089024166992
26214.3,26509.71,26000.0,26464.64,547.41075,26009.37,25346.510476190473,247.84000000000015,0.01683205385749037
26464.63,26738.05,25988.74,26012.81,377.35963,26067.74571428571,25396.372857142855,-451.8299999999981,0.018088518201977554
26018.62,26746.21,25927.02,26429.94,461.03678,26204.882857142857,25464.900476190476,417.1299999999974,0.0183753498957964
26427.47,26522.49,26347.6,26465.36,97.38806,26337.794285714284,25538.46857142857,35.42000000000189,0.01841278906774996
26466.78,26592.13,26216.5,26457.16,190.35489,26328.858571428573,25613.864285714288,-8.200000000000728,0.011112136132503047
26460.71,26528.33,25879.17,26101.17,493.56977,26306.84,25663.12857142857,-355.9900000000016,0.011681890413820385
26103.47,26246.2,25779.64,25846.3,384.07669,26253.911428571428,25679.276190476186,-254.86999999999898,0.012173600158373233
25845.49,25919.95,25071.76,25318.58,393.47097,26090.18857142857,25670.963333333333,-527.7199999999975,0.01272575251596986
25316.94,25435.15,25130.81,25413.17,346.93969,26004.52571428572,25693.25047619048,94.58999999999651,0.012191303714250387
25411.26,25833.69,25388.81,25583.59,421.66279,25883.618571428575,25720.590952380953,170.4200000000019,0.010052302154625152
25583.8,25705.98,25545.0,25593.88,118.32236,25759.12142857143,25748.54238095238,10.290000000000873,0.00996588383129466
25593.8,25965.87,25555.8,25831.52,205.82651,25669.744285714285,25803.475238095238,237.63999999999942,0.011251861965986688
25841.18,28597.43,25806.0,27047.14,727.54801,25804.882857142857,25908.36142857143,1215.619999999999,0.02112065577628912
27044.15,27134.3,26628.01,26892.39,533.54323,25954.324285714283,26007.52523809524,-154.75,0.020691357007947303
26885.84,27422.14,26714.84,26908.68,479.99976,26181.481428571427,26093.68,16.290000000000873,0.01752412066794166
26907.08,27316.63,26720.11,27166.72,467.67215,26431.98857142857,26168.08666666667,258.0400000000009,0.017377485783802184
27164.16,28565.41,27074.74,28035.9,550.76028,26782.31857142857,26290.273333333334,869.1800000000003,0.019184997851727018
28039.76,28698.18,27848.64,28280.73,197.13028,27166.154285714285,26421.023333333334,244.8299999999981,0.01849641673803488
28277.56,28578.99,28019.38,28345.39,231.77889,27525.278571428575,26507.960476190477,64.65999999999985,0.01900778339536567
28351.52,32832.0,28252.03,30992.13,894.54174,28088.84857142857,26733.52380952381,2646.7400000000016,0.03443454497943601
30994.93,33009.03,30783.94,32031.74,774.53336,28823.04142857143,27010.425714285717,1039.6100000000006,0.03267607555449127
32032.5,33238.96,31840.23,32689.87,478.5171,29648.925714285717,27306.86523809524,658.1299999999974,0.030943756529335377
32683.37,33035.06,32052.25,32358.18,384.45141,30390.562857142857,27609.025714285715,-331.6899999999987,0.03373574725370187
32358.2,32466.59,31636.34,32099.63,419.10198,30971.09571428571,27879.01095238096,-258.5499999999993,0.035824941386298666
32099.63,32663.83,32060.02,32315.74,146.93647,31547.52571428571,28157.60047619048,216.11000000000058,0.035938051726257185
32314.82,32975.41,32174.84,32756.2,242.03149,32177.641428571427,28457.554761904765,440.4599999999991,0.03526811921692215
32760.32,32937.15,32178.46,32531.23,557.29572,32397.512857142858,28763.748095238094,-224.97000000000116,0.016548578488149494
32530.59,32857.12,32069.82,32790.79,436.56368,32505.948571428573,29094.4380952381,259.5600000000013,0.01189811945027915
32790.78,33723.94,32314.96,33518.23,471.18959,32624.285714285714,29484.897619047617,727.4400000000023,0.01230058957233422
33522.15,33995.05,32350.88,32962.83,468.5455,32710.66428571429,29844.405238095238,-555.4000000000015,0.013664950296408882
32963.52,32968.28,32020.01,32419.9,393.99784,32756.417142857146,30169.943809523807,-542.9300000000003,0.015076653846470467
32418.71,32945.58,32298.9,32760.83,141.93769,32820.00142857143,30511.227142857144,340.9300000000003,0.01535997403937521
32757.68,33031.2,32164.54,32672.6,215.54686,32808.05857142857,30836.992857142857,-88.2300000000032,0.014526678587606857
32668.86,32863.56,32383.29,32713.63,250.88667,32834.11571428571,31106.82571428572,41.030000000002474,0.014233700522984677
32718.04,33570.28,32354.54,33126.6,381.52372,32882.088571428576,31403.692857142858,412.9699999999975,0.014719470015271746
33135.87,33747.19,32869.15,33306.05,379.71201,32851.77714285714,31708.329523809527,179.45000000000437,0.011895199566088996
33307.53,35481.18,33222.14,34436.47,832.53321,33062.29714285715,32054.508095238096,1130.4199999999983,0.015531365065032138
34438.05,35189.44,34061.65,34967.12,357.31811,33426.18571428572,32384.56619047619,530.6500000000015,0.011987191875272536
34979.4,35069.84,34414.0,34842.25,190.07323,33723.531428571434,32697.019523809526,-124.87000000000262,0.013189349685434138
34848.91,34921.45,34481.75,34735.56,152.20377,34018.240000000005,33001.31333333333,-106.69000000000233,0.013244075317603044
34748.53,35080.54,34000.0,34104.6,327.21222,34216.950000000004,33149.526190476194,-630.9599999999991,0.0166884512037754
34117.05,34382.84,32050.01,32739.18,528.21481,34161.60428571429,33183.21380952381,-1365.4199999999983,0.023661695390607744
32728.25,35032.98,32543.98,34941.08,584.7678,34395.18,33290.41428571429,2201.9000000000015,0.03531956741795919
34943.26,35008.6,32714.43,33378.71,450.98345,34244.07142857143,33339.01095238095,-1562.3700000000026,0.037885612858800176
33378.06,33877.08,33035.84,33607.46,471.53795,34049.834285714285,33410.812380952375,228.75,0.03729443840466648
33615.24,33870.74,33240.56,33614.37,155.13581,33874.422857142854,33472.6519047619,6.9100000000034925,0.037346896285713777
33624.21,34412.24,33429.47,34283.67,219.99914,33809.86714285715,33545.38857142857,669.2999999999956,0.038488640678071034
34290.62,34559.08,33650.68,34262.68,382.90985,33832.450000000004,33627.83857142857,-20.989999999997963,0.03776735376809912
34262.69,34397.41,32773.96,32773.96,419.05344,33837.41857142857,33627.037142857145,-1488.7200000000012,0.03840624181784636
32779.1,34799.55,32686.0,34364.76,410.55477,33755.08714285715,33667.3480952381,1590.800000000003,0.033321598296578124
34372.45,34492.94,33864.09,34207.57,237.04773,33873.49571428572,33726.62142857143,-157.19000000000233,0.02770532724151612
34207.37,35145.05,34172.93,34486.71,292.78358,33999.102857142854,33825.04095238095,279.1399999999994,0.027733417648093235
34497.98,34609.8,34184.07,34446.3,88.26153,34117.95,33905.30142857142,-40.40999999999622,0.02776989901494157
34452.94,34500.0,33766.12,34188.11,116.93861,34104.29857142857,33977.46857142857,-258.1900000000023,0.027047172133975957
34203.62,34300.0,33600.0,34014.09,200.42685,34068.78571428572,34039.39523809523,-174.02000000000407,0.027114548955393333
34017.93,34936.77,33687.41,34392.73,300.31355,34300.03857142857,34099.68714285715,378.6400000000067,0.019582555594268674
34401.62,35060.58,34262.64,34520.98,267.28301,34322.35571428571,34157.54095238095,128.25,0.0071374220871466
34521.92,34776.99,34384.97,34650.78,260.22185,34385.671428571426,34167.746190476195,129.79999999999563,0.006804191021301917
34663.82,35890.0,34549.51,35583.44,327.86248,34542.34714285714,34197.09476190476,932.6600000000035,0.011659171721720348
35582.14,36532.0,35541.55,36298.1,184.0435,34806.89,34266.42095238095,714.6599999999962,0.01264956907269591
36296.31,37000.0,36125.98,36733.48,187.28613,35170.514285714286,34361.56,435.38000000000466,0.010787032365287769
36734.38,39176.16,36734.19,38784.4,669.12221,35851.98714285714,34584.40761904762,2050.9199999999983,0.018243184345232963
38783.39,41249.96,38279.0,40869.18,627.03088,36777.194285714286,34971.55047619048,2084.779999999999,0.02190047785184692
40887.7,41077.49,40259.78,40677.82,491.18032,37656.74285714286,35244.72857142857,-191.36000000000058,0.02344791486035251
40687.63,40963.12,39756.73,40153.31,433.569,38442.81857142857,35567.328571428574,-524.510000000002,0.02648617951931863
40153.32,41574.46,37500.0,41109.83,457.76306,39232.30285714286,35924.584285714285,956.5200000000041,0.026407830300997113
41123.35,41297.72,40561.59,40690.71,130.79773,39859.81857142857,36261.55285714286,-419.1200000000026,0.028963854439740408
40702.89,40990.3,40508.84,40717.97,127.38022,40429.03142857143,36567.9480952381,27.260000000002037,0.029586856692274996
40718.04,40725.53,37363.34,38353.21,555.23747,40367.43285714286,36762.73523809524,-2364.760000000002,0.034433674684398306
38353.03,39059.98,37720.45,38446.35,359.82282,40021.31428571429,37032.84904761905,93.13999999999942,0.024975851628797625
38454.01,40050.69,37655.64,39472.43,400.46392,39849.11571428571,37276.07142857143,1026.0800000000017,0.028345212559915133
39472.46,39697.97,38160.0,39151.11,317.01659,39705.944285714286,37511.4780952381,-321.3199999999997,0.028151114504206546
39158.21,39300.0,38248.38,38521.35,236.7236,39336.16142857143,37703.60380952381,-629.760000000002,0.02568612686747814
38547.32,39174.98,38270.0,38753.14,142.51271,39059.36571428571,37908.69142857143,231.79000000000087,0.026280094609332505
38767.06,38839.44,37856.27,37965.95,209.59922,38666.219999999994,38088.58857142857,-787.1900000000023,0.026502731282183174
37974.63,39130.99,37159.01,39037.34,289.23886,38763.95285714285,38327.79095238096,1071.3899999999994,0.01931228940899366
39043.44,39758.0,38099.53,38501.36,266.41336,38771.811428571425,38523.44,-535.9799999999959,0.020289431510169414
38512.95,40391.74,38485.91,39923.44,320.5225,38836.241428571426,38780.7,1422.0800000000017,0.022727223549146244
39933.58,40289.99,39500.0,39883.76,462.78987,38940.90571428572,39029.88952380952,-39.68000000000029,0.022361567051978448
39884.89,40409.97,39430.01,40023.67,296.79007,39155.52285714286,39241.32904761905,139.90999999999622,0.02076341677033513
40032.99,40047.34,39375.18,39944.37,167.7016,39325.69857142858,39414.960952380956,-79.29999999999563,0.020959860283271778
39944.35,40167.3,39000.0,39404.3,150.40807,39531.177142857145,39542.142857142855,-540.0699999999997,0.01974031367672917
39394.84,40047.33,39151.62,39705.0,138.34561,39626.55714285715,39585.98095238095,300.6999999999971,0.017153778050953722
39710.03,39727.13,37802.32,38564.22,293.25234,39635.537142857145,39476.22095238095,-1140.7799999999988,0.02019426304819986
38564.21,39390.26,38219.72,39144.69,308.24813,39524.287142857145,39403.21476190476,580.4700000000012,0.014483026816205677
39153.84,39488.79,38191.68,38547.43,231.30673,39333.38285714285,39326.74428571429,-597.260000000002,0.015186150322459726
38547.78,39074.62,37550.0,38233.18,513.3124,39077.59857142857,39189.76095238095,-314.25,0.014762044042453794
38230.31,38727.25,37749.45,38330.84,147.17255,38847.09428571429,39077.386190476194,97.65999999999622,0.015085487497655712
38330.27,38960.0,38165.49,38422.26,156.29004,38706.80285714286,38968.066666666666,91.42000000000553,0.014921352746660599
38423.69,40133.79,38353.53,40113.43,187.75262,38765.15,39051.886666666665,1691.1699999999983,0.02338364525164571
40117.27,41901.99,40084.23,41145.87,458.23221,39133.95714285714,39180.43523809524,1032.4400000000023,0.020450020943013143
41167.6,41627.4,38000.0,39384.84,675.63593,39168.264285714286,39176.264285714286,-1761.030000000006,0.028085590192406695
39383.52,40980.7,39068.99,40438.6,560.91742,39438.43142857143,39237.573333333334,1053.760000000002,0.02846597869820069
40447.2,40678.98,38965.0,40463.66,517.90345,39757.07142857143,39330.06428571428,25.060000000004948,0.02786349236391831
40492.4,40552.44,39855.93,40336.49,182.8829,40043.59285714286,39405.461904761905,-127.17000000000553,0.028146744677205206
40334.36,40869.11,40000.0,40264.51,212.10749,40306.77142857143,39514.91714285714,-71.97999999999593,0.02832038899016974
40271.85,43214.0,39559.51,42943.93,645.57597,40711.12857142858,39700.945238095235,2679.4199999999983,0.033942819133039696
42945.19,43952.0,41190.2,42255.65,614.80628,40869.66857142857,39879.72095238095,-688.2799999999988,0.034439048370742485
42252.6,43539.99,40564.9,42569.94,801.18226,41324.682857142856,40005.74476190476,314.2900000000009,0.027526532988966877
42593.8,44776.01,41642.0,42270.75,586.93271,41586.41857142857,40119.41095238095,-299.1900000000023,0.027364354953240688
42267.01,42439.72,38051.0,39190.23,530.39979,41404.5,40079.72333333333,-3080.519999999997,0.04084660074031302
39201.96,39691.81,38882.5,39272.03,180.35107,41252.43428571429,40047.70714285714,81.79999999999563,0.04090925069177502
39281.04,39508.22,38177.0,38185.16,178.19547,40955.38428571429,39989.652857142864,-1086.8699999999953,0.041929030966218965
38185.16,39640.18,38165.16,38854.64,380.19673,40371.200000000004,39949.159523809525,669.4799999999959,0.030051300183477993
38858.51,40091.35,38723.96,39699.47,320.17317,40006.03142857143,40003.219047619044,844.8300000000017,0.032844334685766176
39694.19,39741.74,38872.94,39313.07,302.25093,39540.764285714286,40011.23714285714,-386.40000000000146,0.03209731831750366
39313.07,39412.17,37411.6,37991.71,483.7911,38929.47285714286,39984.77428571429,-1321.3600000000006,0.033125885656766274
38002.29,38731.54,37030.0,38257.94,440.24899,38796.28857142857,39985.95333333333,266.2300000000032,0.02141151037859321
38262.23,38526.87,38036.63,38308.02,179.85454,38658.572857142855,39984.86666666666,50.07999999999447,0.02138126456110107
38318.37,38487.94,38130.68,38201.42,103.41474,38660.89571428572,39974.35047619048,-106.59999999999854,0.018542134197671402
38201.44,38264.04,36232.6,36381.56,537.3898,38307.59857142857,39796.642380952384,-1819.8600000000006,0.02396331150017923
36381.64,36883.8,35473.04,36786.45,550.41447,37891.45285714285,39589.05095238095,404.8899999999994,0.02193638354144031
36786.42,37218.51,36320.0,36844.02,505.53893,37538.73142857143,39468.05952380953,57.56999999999971,0.02242252162292907
36844.02,37022.98,36464.21,36865.01,313.52039,37377.77428571428,39297.888571428564,20.99000000000524,0.01973065765227978
36861.08,38909.23,36759.99,38570.3,473.88296,37422.397142857146,39207.728571428575,1705.2900000000009,0.027476689369798843
38574.95,38981.36,38175.65,38918.72,110.04092,37509.64,39140.21571428572,348.41999999999825,0.027623066810370567
38918.73,39531.66,38413.24,38793.92,238.93601,37594.282857142854,39070.187619047625,-124.80000000000291,0.027637273184550448
38786.6,40100.0,38649.03,39997.27,330.28956,38110.81285714286,38929.87047619048,1203.3499999999985,0.018229132471614378
39997.27,40492.58,39406.67,39638.18,342.99577,38518.20285714285,38805.22904761905,-359.0899999999965,0.020192454041651105
39638.07,40334.92,39129.29,39413.05,521.86661,38885.20714285714,38654.90095238095,-225.12999999999738,0.020922764560344562
39407.46,39830.0,38725.76,39645.97,396.28664,39282.48714285715,38529.91142857143,232.91999999999825,0.02062280488787536
39647.49,40256.41,39267.0,40022.71,272.25016,39489.974285714285,38569.55333333333,376.73999999999796,0.01347947786955741
40018.25,40186.23,39736.64,39884.06,84.7731,39627.88,38598.69761904762,-138.65000000000146,0.013738794425538114
39893.28,39991.33,39200.0,39540.15,126.64002,39734.48428571429,38663.22095238095,-343.9099999999962,0.01432509783289027
39544.75,40532.62,39248.97,39737.11,292.91185,39697.31857142857,38705.24333333333,196.95999999999913,0.007566244750572061
39737.11,40348.47,39599.3,40039.2,202.03452,39754.607142857145,38721.42095238095,302.0899999999965,0.007205253789975003
40055.17,41223.88,39745.01,41129.17,299.24217,39999.76714285714,38807.90190476191,1089.9700000000012,0.011324702190192751
41143.13,42332.11,41125.55,42059.86,265.64675,40344.60857142857,39001.62333333333,930.6900000000023,0.012914177285721579
42059.61,44660.0,42015.77,43686.74,544.72698,40868.04142857143,39260.13761904762,1626.8799999999974,0.017252792027895647
43686.67,44560.0,43383.38,44205.4,279.56528,41485.375714285714,39540.96523809524,518.6600000000035,0.01576490645738658
44206.94,44850.0,44001.0,44605.89,271.36221,42209.05285714286,39845.94,400.48999999999796,0.012429745507417022
44621.99,46692.71,44100.0,46274.78,412.78447,43143.00571428571,40317.04571428571,1668.8899999999994,0.01304336341532195
46274.79,46708.57,45076.51,46421.92,384.74697,44054.822857142855,40775.87761904761,147.13999999999942,0.013937330711251299
46429.06,48585.0,45989.62,48354.88,431.24663,45087.06714285714,41324.013809523814,1932.9599999999991,0.01586641703960623
48354.88,49072.04,47709.49,48224.79,389.6593,45967.77142857143,41864.955714285716,-130.0899999999965,0.018725482960713136
48218.28,48968.53,47914.55,48428.5,275.99902,46645.16571428572,42334.39380952381,203.70999999999913,0.017444520878675967
48428.5,48463.38,46950.0,47978.74,186.57298,47184.21428571428,42765.823333333334,-449.76000000000204,0.01974911947869414
47978.74,48636.66,47529.8,48384.23,149.84993,47723.97714285714,43222.50476190476,405.49000000000524,0.019765207351629947
48392.53,48724.2,48000.01,48083.61,168.13143,47982.38142857143,43607.56857142857,-300.6200000000026,0.017051842808761274
48089.66,49028.75,47000.0,48372.02,351.35612,48260.96714285714,44023.46571428572,288.4099999999962,0.017018002419821827
48372.3,48478.79,46891.31,47969.03,238.66122,48205.84571428572,44430.89333333333,-402.98999999999796,0.007279506488605271
47964.14,48156.98,47050.0,47407.85,229.44529,48089.14,44800.50666666667,-561.1800000000003,0.008324449049553257
47410.09,47631.61,46731.06,46920.72,247.72024,47873.74285714286,45128.98333333334,-487.1299999999974,0.008202155819510698
46934.63,47785.77,46776.46,47638.91,179.86073,47825.19571428571,45498.26190476191,718.1900000000023,0.010689659298065975
47638.91,48000.0,47390.96,47784.06,99.98363,47739.45714285714,45890.829047619045,145.14999999999418,0.01007351651227202
47780.79,50600.0,46992.56,50198.43,416.21988,48041.57428571428,46388.98714285714,2414.3700000000026,0.02183469272449277
50198.43,53130.99,50172.0,52617.38,573.87567,48648.05428571429,46987.9480952381,2418.949999999997,0.026941399506183995
52612.09,59037.18,52329.83,57572.1,1314.51976,50019.92142857142,47770.94476190476,4954.720000000001,0.03896815161551815
57571.66,58550.0,55555.0,56276.27,627.86585,51286.83857142857,48447.916666666664,-1295.8300000000017,0.04092401353022733
56199.1,58249.0,56031.65,57582.66,331.78766,52809.97285714286,49109.62714285714,1306.3900000000067,0.037890781100770606
57592.97,57643.18,56803.07,57232.82,186.66372,54180.53142857143,49729.980476190474,-349.8400000000038,0.040096419129614265
57235.04,58358.64,56592.87,58240.78,189.67269,55674.34857142857,50379.26095238095,1007.9599999999991,0.0389956075653775
58231.05,63143.56,57333.0,62836.25,847.713112,57479.75142857143,51167.90238095238,4595.470000000001,0.042853971371250736
62862.29,63530.0,52960.0,58809.63,1139.0618,58364.35857142857,51757.79333333333,-4026.6200000000026,0.05551639979686125
58820.69,62318.57,57933.82,60713.19,714.6789,58813.08571428572,52346.28428571428,1903.560000000005,0.04521796841429116
60719.43,62375.0,60209.58,61162.23,416.60686,59511.08,52962.352857142854,449.0400000000009,0.04316736725243368
61161.39,63987.56,60459.98,62455.93,549.29015,60207.26142857142,53630.325714285704,1293.699999999997,0.0430911321009874
62457.93,62811.42,62214.92,62575.41,189.32364,60970.48857142858,54325.40523809524,119.4800000000032,0.04262140712576555
62578.01,63975.23,62279.23,63108.39,314.81289,61665.861428571436,55026.555714285714,532.9799999999959,0.04261767709599775
63104.82,66500.0,61300.0,65323.43,761.884233,62021.17285714286,55847.49952380952,2215.040000000001,0.03343638833993067
65321.46,66555.0,62500.0,65433.53,641.95622,62967.444285714286,56659.95238095238,110.09999999999854,0.01408579333113053
65420.75,67324.65,65302.57,66794.5,415.9601,63836.20285714285,57556.403333333335,1360.9700000000012,0.012340078963007766
66806.95,67462.84,63006.2,65641.37,598.90993,64476.08,58424.66619047619,-1153.1300000000047,0.017080583788900882
65641.38,66588.41,60161.67,63932.39,685.40152,64687.00285714286,59234.74571428571,-1708.979999999996,0.020945162065799505
63950.11,64440.12,59621.0,60105.98,315.17555,64334.22714285714,59828.415714285715,-3826.409999999996,0.03189002869007021
60102.67,63373.2,59384.93,62937.54,376.96286,64309.82,60550.009999999995,2831.5599999999977,0.03751520750347637
62937.54,63359.59,61245.35,62222.61,310.45425,63866.845714285715,61122.590000000004,-714.9300000000003,0.03428699425030247
62243.04,62696.13,56666.01,57075.31,877.81496,62672.81428571429,61334.87238095239,-5147.300000000003,0.04433383789949879
57058.96,62437.1,55956.11,62170.25,720.79018,62012.20714285714,61553.831904761915,5094.940000000002,0.05942656210038779
62175.99,62475.44,59473.66,60353.57,438.52225,61256.80714285715,61747.98904761905,-1816.6800000000003,0.05988404719321741
60353.1,61465.63,57683.0,59107.5,390.1373,60567.537142857145,61820.60047619047,-1246.0699999999997,0.059683882340870964
59122.16,61159.19,58341.19,59318.45,201.88279,60455.03285714286,61919.9161904762,210.9499999999971,0.055453823301944836
59282.53,62602.69,59095.94,62205.12,197.83813,60350.40142857143,62108.694285714286,2886.6700000000055,0.055679247849323404
62239.25,65650.0,61401.28,64371.27,419.23772,60657.352857142854,62181.79047619048,2166.149999999994,0.056880445310612426
64384.65,65980.16,63999.99,64683.46,269.45322,61744.23142857143,62461.496666666666,312.1900000000023,0.04163888025412104
64681.45,66399.88,63200.0,64307.59,395.89379,62049.56571428571,62632.658571428576,-375.8700000000026,0.028117228107345366
64304.38,66261.9,63664.43,65601.25,238.961,62799.23428571429,62844.04047619048,1293.6600000000035,0.023929971864564303
65631.31,65775.72,64052.8,64905.93,196.52897,63627.58142857143,62960.70714285715,-695.3199999999997,0.021839945759341898
64905.94,65254.74,64534.33,64617.19,121.17451,64384.544285714284,63057.934761904755,-288.73999999999796,0.02265240781248313
64607.24,66200.0,64588.13,66147.46,118.97783,64947.735714285714,63202.65238095239,1530.270000000004,0.017356631796551013
66130.96,66147.86,63445.21,64953.5,269.47002,65030.91142857143,63185.03666666667,-1193.9600000000064,0.01563753258705416
64927.55,64936.61,60036.03,60915.25,683.69876,64492.59571428572,62969.88047619049,-4038.25,0.02844226608646551
60933.45,62014.4,60022.74,60953.61,391.59381,64013.45571428572,62691.74285714286,38.36000000000058,0.028635312717206905
60964.14,63904.0,60100.0,63280.3,378.06087,63681.891428571435,62579.310952380954,2326.6900000000023,0.03211427198063739
63307.91,63503.99,61093.15,62681.04,336.51584,63364.049999999996,62519.722857142864,-599.260000000002,0.032082424037286734
62686.31,64388.0,62348.04,63657.12,110.25852,63226.897142857146,62688.82476190476,976.0800000000017,0.03297022709297761
63668.88,64968.75,63586.87,64102.84,185.79112,62934.80857142858,62744.315238095245,445.7199999999939,0.031398512863693856
64103.42,67035.26,63821.7,65656.33,330.68556,63035.21285714286,62907.82571428572,1553.4900000000052,0.03230936522405732
65669.07,65783.33,62900.0,63746.99,368.38635,63439.74714285714,63225.524761904766,-1909.3400000000038,0.022193439838007947
63727.1,66000.0,62314.29,65457.09,295.60161,64083.10142857143,63382.04095238094,1710.0999999999985,0.023181487679520652
65464.12,66215.0,64830.81,65276.33,273.94966,64368.24857142857,63616.4580952381,-180.75999999999476,0.019967584015464217
65272.44,66500.0,61200.0,63380.98,447.71112,64468.240000000005,63819.95714285715,-1895.3499999999985,0.023351038414403093
63375.92,64341.6,57900.0,60987.39,847.83843,64086.85,63899.430476190464,-2393.590000000004,0.02659363725807896
61012.22,62335.74,58923.37,62007.4,742.47484,63787.50142857143,63890.01523809524,1020.010000000002,0.027608133992462723
62002.67,62947.2,58733.0,59723.58,508.53495,62939.96571428572,63668.69666666667,-2283.8199999999997,0.026681461968958774
59769.74,60686.15,58076.0,60154.13,480.32757,62426.700000000004,63453.014285714286,430.54999999999563,0.026591516743182164
60149.1,60801.56,56178.0,57506.2,426.60101,61290.85857142857,63129.138571428564,-2647.9300000000003,0.024554563172225763
57517.07,60284.41,56953.01,59735.57,285.53089,60499.32142857143,62849.82047619048,2229.3700000000026,0.03257605686363247
59735.56,61516.74,56216.62,60004.21,454.35352,60016.92571428572,62616.40523809524,268.6399999999994,0.032139278066950015
60004.38,61607.44,59337.55,61169.85,111.58932,60042.991428571426,62452.246190476195,1165.6399999999994,0.03033609909112259
61168.75,61853.59,60404.93,61052.42,112.24805,59906.56571428571,62209.625238095236,-117.43000000000029,0.02951478077110132
61052.55,63168.04,60539.7,62774.6,250.57125,60342.42571428571,62105.8680952381,1722.1800000000003,0.02677295882889866
62763.22,63089.93,61721.39,62136.71,211.6613,60625.65142857142,62164.032857142854,-637.8899999999994,0.027591807384567298
62130.4,62700.0,59480.01,60124.4,293.66202,60999.68,62124.54666666667,-2012.3099999999977,0.024303511997522564
60124.39,60880.19,58807.36,60189.23,306.72548,61064.48857142857,61977.352857142854,64.83000000000175,0.019745394193288072
60188.41,60590.14,59286.92,59649.89,198.60148,61013.87142857142,61833.01238095238,-539.3400000000038,0.020029555472025326
59683.16,59820.24,58420.0,59431.51,111.66024,60765.537142857145,61631.792857142864,-218.37999999999738,0.01796240910796672
59444.59,60293.83,58695.66,58999.63,79.57772,60472.281428571434,61388.782857142854,-431.88000000000466,0.01797429609901783
59017.09,59930.11,57786.84,59621.51,230.85738,60021.840000000004,61101.41047619047,621.8800000000047,0.013177767411873853
59629.75,60399.99,55201.0,56886.99,426.37436,59271.880000000005,60774.7438095238,-2734.520000000004,0.019755815255046095
56886.98,57023.11,53030.56,54551.8,463.40521,58475.794285714284,60255.444285714286,-2335.189999999995,0.021420844497753153
54552.89,55651.0,53230.0,55120.01,385.26252,57751.62,59771.81,568.2099999999991,0.022737387564351157
55120.01,58905.67,54850.01,58487.62,359.82359,57585.58142857143,59538.79285714285,3367.6100000000006,0.0359896774252378
58516.93,60007.0,58195.0,59407.39,148.4937,57582.135714285716,59463.55476190477,919.7699999999968,0.03660421278097145
59438.11,60066.68,58485.0,59489.61,91.61065,57652.13285714285,59343.659999999996,82.22000000000116,0.03644341917976615
59509.74,60892.75,58256.27,58694.78,203.46269,57519.74285714286,59294.66952380951,-794.8300000000017,0.03660186392832951
58708.96,59875.0,57954.22,58011.98,135.2922,57680.455714285716,59192.66238095237,-682.7999999999956,0.031666265650403674
58013.66,58656.62,56600.15,56897.98,144.23902,58015.624285714286,59163.69952380952,-1114.0,0.027358971690841446
56894.2,58813.0,56500.0,58524.06,179.78377,58501.91714285714,59106.00857142857,1626.0799999999945,0.028640510157453822
58516.87,58900.0,55876.96,56526.58,230.0365,58221.76857142857,58940.40714285715,-1997.479999999996,0.0214526487309354
56550.71,57173.86,56227.88,56528.8,31.70465,57810.54142857143,58719.40476190476,2.220000000001164,0.019716987334829704
56543.09,57510.0,56350.0,57088.94,42.96946,57467.58857142857,58530.66761904762,560.1399999999994,0.020559479838472207
57127.03,58779.27,56450.0,58303.72,165.80342,57411.72285714286,58317.76857142857,1214.7799999999988,0.02248302913600951
58351.13,58499.0,56543.9,56951.98,156.71465,57260.294285714284,58070.87666666666,-1351.739999999998,0.023801311696329937
56966.02,61073.44,56736.91,60769.23,318.38325,57813.33000000001,58101.58285714286,3817.25,0.03384341156181567
60769.96,61400.0,59385.35,59994.29,233.36727,58023.36285714286,58092.3,-774.9400000000023,0.03365262857000057
60034.75,61951.57,59942.78,61679.71,170.24253,58759.524285714295,58188.95809523809,1685.4199999999983,0.029902882034212427
61643.17,62000.0,61304.63,61551.82,74.24332,59477.09857142858,58289.92523809524,-127.88999999999942,0.03006473106385226
61599.09,62264.15,60568.96,60932.29,60.99778,60026.14857142857,58381.95666666667,-619.5299999999988,0.03128724865363459
60914.74,64815.0,60709.44,64642.33,261.83263,60931.66428571429,58621.04333333334,3710.040000000001,0.03681164200747314
